{
    "loss": 1.8000835180282593,
    "accuracy": 0.732758641242981
}